University,Recipient,Event Date,Start Time,End Time,Venue,Address,RSVP Deadline,Email,Phone Number,University Website URL
University of Excellence,Professor John Smith,15-Jun-24,10:00 AM,4:00 PM,Innovation Hall,123 University Ave.,10-Jun-24,innovation@universityexcellence.edu,123-456-7890,www.universityexcellence.edu
Tech Innovators University,Dr. Emily Johnson,20-Jul-24,9:00 AM,3:00 PM,Discovery Center,456 Tech Lane,15-Jul-24,emily.johnson@techuni.edu,234-567-8901,www.techuni.edu
Future Leaders University,Dr. Michael Lee,25-Aug-24,11:00 AM,5:00 PM,Pioneer Hall,789 Leader Blvd.,20-Aug-24,michael.lee@futureleaders.edu,345-678-9012,www.futureleaders.edu
Innovation University,Professor Sarah Brown,30-Sep-24,12:00 PM,6:00 PM,Creator Space,321 Innovation Dr.,25-Sep-24,sarah.brown@innovationuni.edu,456-789-0123,www.innovationuni.edu
Creative Minds University,Dr. David Wilson,10-Oct-24,1:00 PM,7:00 PM,Imagination Hall,654 Creative Way,5-Oct-24,david.wilson@creativeminds.edu,567-890-1234,www.creativeminds.edu
Inventors Academy,Professor Laura Davis,5-Nov-24,2:00 PM,8:00 PM,Inventors Lab,987 Invention St.,31-Oct-24,laura.davis@inventorsacademy.edu,678-901-2345,www.inventorsacademy.edu
Tech Pioneers University,Dr. James Martinez,15-Dec-24,10:00 AM,4:00 PM,Innovation Hub,123 Pioneer Lane,10-Dec-24,james.martinez@techpioneers.edu,789-012-3456,www.techpioneers.edu
Discovery University,Professor Olivia Garcia,20-Jan-25,9:00 AM,3:00 PM,Discovery Hall,456 Discovery Blvd.,15-Jan-25,olivia.garcia@discovery.edu,890-123-4567,www.discovery.edu
Bright Future University,Dr. Robert Anderson,25-Feb-25,11:00 AM,5:00 PM,Innovation Center,789 Future St.,20-Feb-25,robert.anderson@brightfuture.edu,901-234-5678,www.brightfuture.edu
Modern Innovators University,Professor Emma Thompson,30-Mar-25,12:00 PM,6:00 PM,Innovators Hall,321 Modern Ave.,25-Mar-25,emma.thompson@moderninnovators.edu,012-345-6789,www.moderninnovators.edu
